No.,Answer,Date
366,input,6/20/2022
365,loser,6/19/2022
364,cacao,6/18/2022
363,blown,6/17/2022
362,apron,6/16/2022
361,primo,6/15/2022
360,atone,6/14/2022
359,donor,6/13/2022
358,float,6/12/2022
357,goose,6/11/2022
356,piety,6/10/2022
355,girth,6/9/2022
354,trait,6/8/2022
353,flood,6/7/2022
352,gloom,6/6/2022
351,depth,6/5/2022
350,froth,6/4/2022
349,phase,6/3/2022
348,showy,6/2/2022
347,creak,6/1/2022
346,manor,5/31/2022
345,atoll,5/30/2022
344,bayou,5/29/2022
343,crept,5/28/2022
342,tiara,5/27/2022
341,asset,5/26/2022
340,vouch,5/25/2022
339,album ,5/24/2022
338,hinge,5/23/2022
337,money,5/22/2022
336,scrap,5/21/2022
335,gamer,5/20/2022
334,glass,5/19/2022
333,scour,5/18/2022
332,being,5/17/2022
331,delve,5/16/2022
330,yield,5/15/2022
329,metal,5/14/2022
328,tipsy,5/13/2022
327,slung,5/12/2022
326,farce,5/11/2022
325,gecko,5/10/2022
324,shine,5/9/2022
323,canny,5/8/2022
322,midst,5/7/2022
321,badge,5/6/2022
320,homer,5/5/2022
319,train,5/4/2022
318,hairy,5/3/2022
317,story,5/2/2022
316,forgo,5/1/2022
315,larva,4/30/2022
314,trash,4/29/2022
313,zesty,4/28/2022
312,shown,4/27/2022
311,heist,4/26/2022
310,askew,4/25/2022
309,inert,4/24/2022
308,olive,4/23/2022
307,plant,4/22/2022
306,oxide,4/21/2022
305,cargo,4/20/2022
304,foyer,4/19/2022
303,flair,4/18/2022
302,ample,4/17/2022
301,cheek,4/16/2022
300,shame,4/15/2022
299,mince,4/14/2022
298,chunk,4/13/2022
297,royal,4/12/2022
296,squad,4/11/2022
295,black,4/10/2022
294,stair,4/9/2022
293,scare,4/8/2022
292,foray,4/7/2022
291,comma,4/6/2022
290,natal,4/5/2022
289,shawl,4/4/2022
288,fewer,4/3/2022
287,trope,4/2/2022
286,snout,4/1/2022
285,lowly,3/31/2022
284,stove,3/30/2022
283,shall,3/29/2022
282,found,3/28/2022
281,nymph,3/27/2022
280,epoxy,3/26/2022
279,depot,3/25/2022
278,chest,3/24/2022
277,purge,3/23/2022
276,slosh,3/22/2022
275,their,3/21/2022
274,renew,3/20/2022
273,allow,3/19/2022
272,saute,3/18/2022
271,movie,3/17/2022
270,cater,3/16/2022
269,tease,3/15/2022
268,smelt,3/14/2022
267,focus,3/13/2022
266,today,3/12/2022
265,watch,3/11/2022
264,lapse,3/10/2022
263,month,3/9/2022
262,sweet,3/8/2022
261,hoard,3/7/2022
260,cloth,3/6/2022
259,brine,3/5/2022
258,ahead,3/4/2022
257,mourn,3/3/2022
256,nasty,3/2/2022
255,rupee,3/1/2022
254,choke,2/28/2022
253,chant,2/27/2022
252,spill,2/26/2022
251,vivid,2/25/2022
250,bloke,2/24/2022
249,trove,2/23/2022
248,thorn,2/22/2022
247,other,2/21/2022
246,tacit,2/20/2022
245,swill,2/19/2022
244,dodge,2/18/2022
243,shake,2/17/2022
242,caulk,2/16/2022
241,aroma,2/15/2022
240,cynic,2/14/2022
239,robin,2/13/2022
238,ultra,2/12/2022
237,ulcer,2/11/2022
236,pause,2/10/2022
235,humor,2/9/2022
234,frame,2/8/2022
233,elder,2/7/2022
232,skill,2/6/2022
231,aloft,2/5/2022
230,pleat,2/4/2022
229,shard,2/3/2022
228,moist,2/2/2022
227,those,2/1/2022
226,light,1/31/2022
225,wrung,1/30/2022
224,could,1/29/2022
223,perky,1/28/2022
222,mount,1/27/2022
221,whack,1/26/2022
220,sugar,1/25/2022
219,knoll,1/24/2022
218,crimp,1/23/2022
217,wince,1/22/2022
216,prick,1/21/2022
215,robot,1/20/2022
214,point,1/19/2022
213,proxy,1/18/2022
212,shire,1/17/2022
211,solar,1/16/2022
210,panic,1/15/2022
209,tangy,1/14/2022
208,abbey,1/13/2022
207,favor,1/12/2022
206,drink,1/11/2022
205,query,1/10/2022
204,gorge,1/9/2022
203,crank,1/8/2022
202,slump,1/7/2022
201,banal,1/6/2022
200,tiger,1/5/2022
199,siege,1/4/2022
198,truss,1/3/2022
197,boost,1/2/2022
196,rebus,1/1/2022
195,unify,12/31/2021
194,troll,12/30/2021
193,tapir,12/29/2021
192,aside,12/28/2021
191,ferry,12/27/2021
190,acute,12/26/2021
189,picky,12/25/2021
188,weary,12/24/2021
187,gripe,12/23/2021
186,craze,12/22/2021
185,pluck,12/21/2021
184,brake,12/20/2021
183,baton,12/19/2021
182,champ,12/18/2021
181,peach,12/17/2021
180,using,12/16/2021
179,trace,12/15/2021
178,vital,12/14/2021
177,sonic,12/13/2021
176,masse,12/12/2021
175,conic,12/11/2021
174,viral,12/10/2021
173,rhino,12/9/2021
172,break,12/8/2021
171,triad,12/7/2021
170,epoch,12/6/2021
169,usher,12/5/2021
168,exult,12/4/2021
167,grime,12/3/2021
166,cheat,12/2/2021
165,solve,12/1/2021
164,bring,11/30/2021
163,prove,11/29/2021
162,store,11/28/2021
161,tilde,11/27/2021
160,clock,11/26/2021
159,wrote,11/25/2021
158,retch,11/24/2021
157,perch,11/23/2021
156,rouge,11/22/2021
155,radio,11/21/2021
154,surer,11/20/2021
153,finer,11/19/2021
152,vodka,11/18/2021
151,heron,11/17/2021
150,chill,11/16/2021
149,gaudy,11/15/2021
148,pithy,11/14/2021
147,smart,11/13/2021
146,badly,11/12/2021
145,rogue,11/11/2021
144,group,11/10/2021
143,fixer,11/9/2021
142,groin,11/8/2021
141,duchy,11/7/2021
140,coast,11/6/2021
139,blurt,11/5/2021
138,pulpy,11/4/2021
137,altar,11/3/2021
136,great,11/2/2021
135,briar,11/1/2021
134,click,10/31/2021
133,gouge,10/30/2021
132,world,10/29/2021
131,erode,10/28/2021
130,boozy,10/27/2021
129,dozen,10/26/2021
128,fling,10/25/2021
127,growl,10/24/2021
126,abyss,10/23/2021
125,steed,10/22/2021
124,enema,10/21/2021
123,jaunt,10/20/2021
122,comet,10/19/2021
121,tweed,10/18/2021
120,pilot,10/17/2021
119,dutch,10/16/2021
118,belch,10/15/2021
117,ought,10/14/2021
116,dowry,10/13/2021
115,thumb,10/12/2021
114,hyper,10/11/2021
113,hatch,10/10/2021
112,alone,10/9/2021
111,motor,10/8/2021
110,aback,10/7/2021
109,guild,10/6/2021
108,kebab,10/5/2021
107,spend,10/4/2021
106,fjord,10/3/2021
105,essay,10/2/2021
104,spray,10/1/2021
103,spicy,9/30/2021
102,agate,9/29/2021
101,salad,9/28/2021
100,basic,9/27/2021
99,moult,9/26/2021
98,corny,9/25/2021
97,forge,9/24/2021
96,civic,9/23/2021
95,islet,9/22/2021
94,labor,9/21/2021
93,gamma,9/20/2021
92,lying,9/19/2021
91,audit,9/18/2021
90,round,9/17/2021
89,loopy,9/16/2021
88,lusty,9/15/2021
87,golem,9/14/2021
86,goner,9/13/2021
85,greet,9/12/2021
84,start,9/11/2021
83,lapel,9/10/2021
82,biome,9/9/2021
81,parry,9/8/2021
80,shrub,9/7/2021
79,front,9/6/2021
78,wooer,9/5/2021
77,totem,9/4/2021
76,flick,9/3/2021
75,delta,9/2/2021
74,bleed,9/1/2021
73,argue,8/31/2021
72,swirl,8/30/2021
71,error,8/29/2021
70,agree,8/28/2021
69,offal,8/27/2021
68,flume,8/26/2021
67,crass,8/25/2021
66,panel,8/24/2021
65,stout,8/23/2021
64,bribe,8/22/2021
63,drain,8/21/2021
62,yearn,8/20/2021
61,print,8/19/2021
60,seedy,8/18/2021
59,ivory,8/17/2021
58,belly,8/16/2021
57,stand,8/15/2021
56,first,8/14/2021
55,forth,8/13/2021
54,booby,8/12/2021
53,flesh,8/11/2021
52,unmet,8/10/2021
51,linen,8/9/2021
50,maxim,8/8/2021
49,pound,8/7/2021
48,mimic,8/6/2021
47,spike,8/5/2021
46,cluck,8/4/2021
45,crate,8/3/2021
44,digit,8/2/2021
43,repay,8/1/2021
42,sower,7/31/2021
41,crazy,7/30/2021
40,adobe,7/29/2021
39,outdo,7/28/2021
38,trawl,7/27/2021
37,whelp,7/26/2021
36,unfed,7/25/2021
35,paper,7/24/2021
34,staff,7/23/2021
33,croak,7/22/2021
32,helix,7/21/2021
31,floss,7/20/2021
30,pride,7/19/2021
29,batty,7/18/2021
28,react,7/17/2021
27,marry,7/16/2021
26,abase,7/15/2021
25,colon,7/14/2021
24,stool,7/13/2021
23,crust,7/12/2021
22,fresh,7/11/2021
21,death,7/10/2021
20,major,7/9/2021
19,feign,7/8/2021
18,abate,7/7/2021
17,bench,7/6/2021
16,quiet,7/5/2021
15,grade,7/4/2021
14,stink,7/3/2021
13,karma,7/2/2021
12,model,7/1/2021
11,dwarf,6/30/2021
10,heath,6/29/2021
9,serve,6/28/2021
8,naval,6/27/2021
7,evade,6/26/2021
6,focal,6/25/2021
5,blush,6/24/2021
4,awake,6/23/2021
3,humph,6/22/2021
2,sissy,6/21/2021
1,rebut,6/20/2021
0,cigar,6/19/2021
